Workbook

Sheet 5sec_morning
A1: packetID | B1: fromID | C1: toID | D1: relayNode | E1: hops | F1: localID | G1: sendTIme | H1: RSSI (last hop) | I1: SNR (last hop)
A2: 251032843 | B2: !6c73daa0 | C2: !dadfb8d4 | D2: 200 | E2: 2 | F2: 2 | G2: 1.782995e+09 | H2: -138 | I2: -13
A3: 724250890 | B3: !6c73daa0 | C3: !dadfb8d4 | D3: 8 | E3: 2 | F3: 1 | G3: 1.782995e+09 | H3: -134 | I3: -9.75
A4: 1831836940 | B4: !6c73daa0 | C4: !dadfb8d4 | D4: 200 | E4: 2 | F4: 3 | G4: 1.782995e+09 | H4: -139 | I4: -13.5
A5: 2642302221 | B5: !6c73daa0 | C5: !dadfb8d4 | D5: 8 | E5: 2 | F5: 4 | G5: 1.782995e+09 | H5: -133 | I5: -8.5
A6: 421895438 | B6: !6c73daa0 | C6: !dadfb8d4 | D6: 200 | E6: 2 | F6: 5 | G6: 1.782995e+09 | H6: -139 | I6: -14.5
A7: 1050147087 | B7: !6c73daa0 | C7: !dadfb8d4 | D7: 200 | E7: 2 | F7: 6 | G7: 1.782995e+09 | H7: -139 | I7: -14
A8: 79485200 | B8: !6c73daa0 | C8: !dadfb8d4 | D8: 200 | E8: 2 | F8: 7 | G8: 1.782995e+09 | H8: -139 | I8: -13.75
A9: 263431441 | B9: !6c73daa0 | C9: !dadfb8d4 | D9: 200 | E9: 2 | F9: 8 | G9: 1.782995e+09 | H9: -139 | I9: -13.75
A10: 3987654930 | B10: !6c73daa0 | C10: !dadfb8d4 | D10: 8 | E10: 2 | F10: 9 | G10: 1.7829951e+09 | H10: -134 | I10: -9.75
A11: 1629228307 | B11: !6c73daa0 | C11: !dadfb8d4 | D11: 200 | E11: 2 | F11: 10 | G11: 1.7829951e+09 | H11: -138 | I11: -13.75
A12: 1398049044 | B12: !6c73daa0 | C12: !dadfb8d4 | D12: 200 | E12: 2 | F12: 11 | G12: 1.7829951e+09 | H12: -138 | I12: -13
A13: 2209050901 | B13: !6c73daa0 | C13: !dadfb8d4 | D13: 200 | E13: 2 | F13: 12 | G13: 1.7829951e+09 | H13: -138 | I13: -13.25
... A38: 3707590971 | B38: !6c73daa0 | C38: !dadfb8d4 | D38: 200 | E38: 2 | F38: 50 | G38: 1.7829953e+09 | H38: -139 | I38: -14

Sheet 5sec_morning_ACK
A2: 724250890 | B2: 1782995013.6558988
A3: 251032843 | B3: 1.782995e+09
A4: 724250890 | B4: 1782995028.246974 | C4: -145 | D4: -19.75
A5: 1831836940 | B5: 1782995028.983136
A6: 2642302221 | B6: 1782995036.8787909
A7: 421895438 | B7: 1782995039.150548
A8: 1050147087 | B8: 1782995040.416229
A9: 2642302221 | B9: 1782995044.748644 | C9: -112 | D9: 7.25
A10: 421895438 | B10: 1782995046.0190248 | C10: -143 | D10: -20
A11: 79485200 | B11: 1782995051.072513
A12: 1050147087 | B12: 1.7829951e+09 | C12: -113 | D12: 6.75
A13: 263431441 | B13: 1782995065.285951
A14: 263431441 | B14: 1782995074.532823 | C14: -113 | D14: 7.25
A15: 1629228307 | B15: 1782995095.406804 | C15: -113 | D15: 8.5
A16: 1398049044 | B16: 1782995112.5259562 | C16: -113 | D16: 5.5
A17: 4289831195 | B17: 1782995200.696197 | C17: -112 | D17: 7.5
A18: 306826525 | B18: 1782995224.4149172 | C18: -115 | D18: 7.25
A19: 3361833247 | B19: 1782995236.0599868 | C19: -114 | D19: 6.5

Sheet 20sec_morning
A1: packetID | B1: fromID | C1: toID | D1: relayNode | E1: hops | F1: localID | G1: sendTIme | H1: RSSI (last hop) | I1: SNR (last hop)
A2: 4164637577 | B2: !6c73daa0 | C2: !dadfb8d4 | D2: 200 | E2: 2 | F2: 1 | G2: 1.7829965e+09 | H2: -138 | I2: -13.5
A3: 3434371978 | B3: !6c73daa0 | C3: !dadfb8d4 | D3: 200 | E3: 2 | F3: 2 | G3: 1.7829965e+09 | H3: -139 | I3: -13.5
A4: 2467580811 | B4: !6c73daa0 | C4: !dadfb8d4 | D4: 200 | E4: 2 | F4: 3 | G4: 1.7829965e+09 | H4: -138 | I4: -13.25
A5: 3878669196 | B5: !6c73daa0 | C5: !dadfb8d4 | D5: 200 | E5: 2 | F5: 4 | G5: 1.7829965e+09 | H5: -140 | I5: -13.75
A6: 3682053005 | B6: !6c73daa0 | C6: !dadfb8d4 | D6: 200 | E6: 2 | F6: 5 | G6: 1.7829966e+09 | H6: -138 | I6: -14
A7: 2050350990 | B7: !6c73daa0 | C7: !dadfb8d4 | D7: 200 | E7: 2 | F7: 6 | G7: 1.7829966e+09 | H7: -138 | I7: -13.75
A8: 2221574031 | B8: !6c73daa0 | C8: !dadfb8d4 | D8: 200 | E8: 2 | F8: 7 | G8: 1.7829966e+09 | H8: -139 | I8: -13.75
A9: 4009341840 | B9: !6c73daa0 | C9: !dadfb8d4 | D9: 200 | E9: 2 | F9: 8 | G9: 1.7829966e+09 | H9: -139 | I9: -13.75
A10: 300799889 | B10: !6c73daa0 | C10: !dadfb8d4 | D10: 200 | E10: 2 | F10: 9 | G10: 1.7829966e+09 | H10: -139 | I10: -14
A11: 744574866 | B11: !6c73daa0 | C11: !dadfb8d4 | D11: 200 | E11: 2 | F11: 10 | G11: 1.7829967e+09 | H11: -137 | I11: -13.25
A12: 487651219 | B12: !6c73daa0 | C12: !dadfb8d4 | D12: 200 | E12: 2 | F12: 11 | G12: 1.7829967e+09 | H12: -138 | I12: -14
A13: 4234804116 | B13: !6c73daa0 | C13: !dadfb8d4 | D13: 200 | E13: 2 | F13: 12 | G13: 1.7829967e+09 | H13: -139 | I13: -13.5
... A50: 1840741306 | B50: !6c73daa0 | C50: !dadfb8d4 | D50: 200 | E50: 2 | F50: 50 | G50: 1.7829975e+09 | H50: -136 | I50: -12.75

Sheet 20sec_morning_ACK
A2: 3963149602 | B2: 1782996472.134261 | C2: -114 | D2: 6.75
A3: 2206184761 | B3: 1782996472.195532 | C3: -114 | D3: 7.5
A4: 3576684836 | B4: 1782996472.258548 | C4: -144 | D4: -20
A5: 4164637577 | B5: 1782996482.526283
A6: 4164637577 | B6: 1782996491.756474 | C6: -117 | D6: 5.75
A7: 3434371978 | B7: 1782996495.676743
A8: 3434371978 | B8: 1782996508.025467 | C8: -116 | D8: 5.25
A9: 2467580811 | B9: 1782996530.524556
A10: 3878669196 | B10: 1782996535.337505
A11: 2467580811 | B11: 1782996538.220339 | C11: -117 | D11: 5.25
A12: 3878669196 | B12: 1782996543.333996 | C12: -144 | D12: -18.75
A13: 3682053005 | B13: 1782996555.0813491
A14: 3682053005 | B14: 1782996568.001615 | C14: -115 | D14: 5.25
A15: 2050350990 | B15: 1782996575.436586
A16: 2050350990 | B16: 1782996581.434752 | C16: -115 | D16: 5.25
A17: 2221574031 | B17: 1782996595.4913301
A18: 2221574031 | B18: 1782996602.4122581 | C18: -114 | D18: 5.75
A19: 4009341840 | B19: 1782996616.755393
A20: 4009341840 | B20: 1782996622.914189 | C20: -116 | D20: 5.5
A21: 300799889 | B21: 1782996637.739819
A22: 300799889 | B22: 1782996644.8979461 | C22: -117 | D22: 5.5
A23: 744574866 | B23: 1.7829967e+09
A24: 744574866 | B24: 1782996663.874985 | C24: -116 | D24: 5
A25: 487651219 | B25: 1782996676.116554
A26: 487651219 | B26: 1782996682.144149 | C26: -115 | D26: 5.75
A27: 4234804116 | B27: 1782996696.710251
A28: 4234804116 | B28: 1782996703.323147 | C28: -115 | D28: 5.25
A29: 2144911253 | B29: 1782996717.417622
A30: 2144911253 | B30: 1782996723.598328 | C30: -116 | D30: 5.75
A31: 1451287446 | B31: 1782996737.2346072
A32: 1451287446 | B32: 1782996743.173223 | C32: -115 | D32: 4.5
A33: 3265542039 | B33: 1782996756.470345
A34: 3265542039 | B34: 1782996762.7506409 | C34: -114 | D34: 6.25
A35: 2312718232 | B35: 1782996777.871966
A36: 2312718232 | B36: 1782996783.450469 | C36: -115 | D36: 4.75
A37: 2607583129 | B37: 1782996796.895776
A38: 2607583129 | B38: 1782996803.485906 | C38: -116 | D38: 5
A39: 3980612506 | B39: 1782996819.109199
A40: 2227650459 | B40: 1782996837.2447948
A41: 2227650459 | B41: 1782996845.902996 | C41: -144 | D41: -19.25
A42: 2032573340 | B42: 1782996858.0569758
A43: 2032573340 | B43: 1782996864.6226938 | C43: -116 | D43: 4.75
A44: 3239471005 | B44: 1782996877.486458
A45: 3239471005 | B45: 1782996882.7550132 | C45: -143 | D45: -19.25
A46: 3561541534 | B46: 1782996897.307619
A47: 3561541534 | B47: 1782996903.667705 | C47: -116 | D47: 5.25
A48: 4053115807 | B48: 1782996917.688374
A49: 4053115807 | B49: 1782996924.8205702 | C49: -117 | D49: 5.5
A50: 1806398368 | B50: 1782996938.023852
A51: 1806398368 | B51: 1.7829969e+09 | C51: -116 | D51: 5.25
A52: 45420449 | B52: 1782996957.793729
A53: 45420449 | B53: 1782996963.521133 | C53: -144 | D53: -20.25
A54: 952112034 | B54: 1782996980.411411
A55: 952112034 | B55: 1782996986.273277 | C55: -116 | D55: 4.5
A56: 1867574179 | B56: 1782996998.3194711
A57: 1867574179 | B57: 1782997003.944816 | C57: -118 | D57: 1.75
A58: 86179748 | B58: 1782997017.7449632
A59: 86179748 | B59: 1782997023.155803 | C59: -115 | D59: 6
A60: 4034034597 | B60: 1782997039.268801
A61: 4034034597 | B61: 1782997044.470319 | C61: -145 | D61: -20.5
A62: 1175062438 | B62: 1782997057.829788
A63: 1175062438 | B63: 1.7829971e+09 | C63: -116 | D63: 5.5
A64: 1923546023 | B64: 1782997079.640718
A65: 1923546023 | B65: 1782997084.8101408 | C65: -115 | D65: 6.75
A66: 2821203880 | B66: 1782997098.423957
A67: 2821203880 | B67: 1782997103.7506108 | C67: -142 | D67: -19.25
A68: 1029187497 | B68: 1782997119.8822122
A69: 1029187497 | B69: 1782997126.3658502 | C69: -116 | D69: 5.75
A70: 3427963818 | B70: 1782997140.636021
A71: 3427963818 | B71: 1782997153.491904 | C71: -114 | D71: 6
A72: 1917959083 | B72: 1782997160.051994
A73: 1917959083 | B73: 1782997164.475638 | C73: -115 | D73: 5.75
A74: 771255212 | B74: 1782997178.372651
A75: 771255212 | B75: 1782997183.799038 | C75: -143 | D75: -19.75
A76: 108507053 | B76: 1782997199.680704
A77: 108507053 | B77: 1782997205.244031 | C77: -115 | D77: 6
A78: 327018414 | B78: 1782997219.7515678
A79: 327018414 | B79: 1782997226.195853 | C79: -114 | D79: 6
A80: 1856604079 | B80: 1782997239.394871
A81: 1856604079 | B81: 1782997252.0434759 | C81: -116 | D81: 6.25
A82: 3726435248 | B82: 1782997260.0488079
A83: 3726435248 | B83: 1782997265.577274 | C83: -116 | D83: 5
A84: 2148537265 | B84: 1782997281.361299
A85: 2148537265 | B85: 1782997287.419639 | C85: -117 | D85: 5.5
A86: 3614373810 | B86: 1782997300.771119
A87: 4070840243 | B87: 1782997320.9618628
A88: 4070840243 | B88: 1782997325.998358 | C88: -119 | D88: 5.5
A89: 1500340148 | B89: 1782997339.5734951
A90: 1500340148 | B90: 1782997348.309969 | C90: -119 | D90: 4
A91: 702004149 | B91: 1782997360.7887628
A92: 702004149 | B92: 1782997366.729462 | C92: -115 | D92: 3.5
A93: 3200209846 | B93: 1782997380.117895
A94: 3200209846 | B94: 1.7829974e+09 | C94: -144 | D94: -19.5
A95: 403640247 | B95: 1782997400.660379
A96: 403640247 | B96: 1782997406.3376791 | C96: -119 | D96: 4.25
A97: 1777741752 | B97: 1782997419.7800682
A98: 1777741752 | B98: 1782997426.623647 | C98: -118 | D98: 4.75
A99: 530656185 | B99: 1782997440.9492211
A100: 530656185 | B100: 1782997444.614105 | C100: -118 | D100: 4.25
A101: 1840741306 | B101: 1782997460.046525
...

Sheet 40sec_morning
A1: packetID | B1: fromID | C1: toID | D1: relayNode | E1: hops | F1: localID | G1: sendTIme | H1: RSSI (last hop) | I1: SNR (last hop)
A2: 2068239737 | B2: !6c73daa0 | C2: !dadfb8d4 | D2: 200 | E2: 2 | F2: 1 | G2: 1.7829987e+09 | H2: -140 | I2: -14.5
A3: 3977495930 | B3: !6c73daa0 | C3: !dadfb8d4 | D3: 200 | E3: 2 | F3: 2 | G3: 1.7829987e+09 | H3: -140 | I3: -13.5
A4: 2700889467 | B4: !6c73daa0 | C4: !dadfb8d4 | D4: 200 | E4: 2 | F4: 3 | G4: 1.7829988e+09 | H4: -138 | I4: -13.75
A5: 3513514364 | B5: !6c73daa0 | C5: !dadfb8d4 | D5: 200 | E5: 2 | F5: 4 | G5: 1.7829988e+09 | H5: -139 | I5: -14.5
A6: 2023546237 | B6: !6c73daa0 | C6: !dadfb8d4 | D6: 200 | E6: 2 | F6: 5 | G6: 1.7829988e+09 | H6: -138 | I6: -13.25
A7: 3117243774 | B7: !6c73daa0 | C7: !dadfb8d4 | D7: 200 | E7: 2 | F7: 6 | G7: 1.7829989e+09 | H7: -140 | I7: -14.5
A8: 1509996927 | B8: !6c73daa0 | C8: !dadfb8d4 | D8: 200 | E8: 2 | F8: 7 | G8: 1.7829989e+09 | H8: -140 | I8: -14.5
A9: 2272942464 | B9: !6c73daa0 | C9: !dadfb8d4 | D9: 200 | E9: 2 | F9: 8 | G9: 1.782999e+09 | H9: -140 | I9: -14.5
A10: 2500461953 | B10: !6c73daa0 | C10: !dadfb8d4 | D10: 200 | E10: 2 | F10: 9 | G10: 1.782999e+09 | H10: -139 | I10: -13.75
A11: 432717186 | B11: !6c73daa0 | C11: !dadfb8d4 | D11: 200 | E11: 2 | F11: 10 | G11: 1.782999e+09 | H11: -138 | I11: -13
A12: 1073852803 | B12: !6c73daa0 | C12: !dadfb8d4 | D12: 200 | E12: 2 | F12: 11 | G12: 1.7829991e+09 | H12: -139 | I12: -15
A13: 155224452 | B13: !6c73daa0 | C13: !dadfb8d4 | D13: 200 | E13: 2 | F13: 12 | G13: 1.7829991e+09 | H13: -138 | I13: -14
... A51: 1733024170 | B51: !6c73daa0 | C51: !dadfb8d4 | D51: 200 | E51: 2 | F51: 50 | G51: 1.7830006e+09 | H51: -138 | I51: -13.25

Sheet 40sec_morning_ACK
A2: 2068239737 | B2: 1782998687.821128
A3: 2068239737 | B3: 1782998693.297657 | C3: -114 | D3: 6.5
A4: 3977495930 | B4: 1782998727.583183
A5: 3977495930 | B5: 1782998732.000213 | C5: -143 | D5: -19.25
A6: 2700889467 | B6: 1782998766.651723
A7: 2700889467 | B7: 1782998773.9098089 | C7: -114 | D7: 8
A8: 3513514364 | B8: 1782998806.710054
A9: 3513514364 | B9: 1782998812.604222 | C9: -113 | D9: 6.25
A10: 2023546237 | B10: 1782998847.1004548
A11: 2023546237 | B11: 1782998852.656597 | C11: -144 | D11: -20
A12: 3117243774 | B12: 1782998887.8524532
A13: 3117243774 | B13: 1782998894.6500301 | C13: -113 | D13: 7.5
A14: 1509996927 | B14: 1782998927.791605
A15: 1509996927 | B15: 1782998934.689466 | C15: -113 | D15: 8
A16: 2272942464 | B16: 1782998968.0768058
A17: 2272942464 | B17: 1782998979.2713711 | C17: -145 | D17: -19.75
A18: 2500461953 | B18: 1782999008.669558
A19: 2500461953 | B19: 1782999012.614944 | C19: -144 | D19: -20
A20: 432717186 | B20: 1.782999e+09
A21: 432717186 | B21: 1782999055.3208718 | C21: -114 | D21: 7.25
A22: 1073852803 | B22: 1.7829991e+09
A23: 1073852803 | B23: 1782999093.624589 | C23: -145 | D23: -19.75
A24: 155224452 | B24: 1782999130.8877969
A25: 155224452 | B25: 1782999136.899926 | C25: -116 | D25: 8
A26: 2023571845 | B26: 1782999167.730171
A27: 2023571845 | B27: 1782999173.488053 | C27: -142 | D27: -19.25
A28: 25504134 | B28: 1782999208.498395
A29: 25504134 | B29: 1782999215.630698 | C29: -115 | D29: 7
A30: 414709127 | B30: 1782999250.999865
A31: 414709127 | B31: 1782999257.724328 | C31: -113 | D31: 8.75
A32: 2233118088 | B32: 1782999288.850498
A33: 2233118088 | B33: 1782999295.460057 | C33: -113 | D33: 7
A34: 3737309577 | B34: 1782999328.128492
A35: 3737309577 | B35: 1782999334.677619 | C35: -113 | D35: 8.25
A36: 2263938442 | B36: 1782999370.7804868
A37: 2263938442 | B37: 1782999378.486617 | C37: -115 | D37: 6.5
A38: 3103342987 | B38: 1782999409.406267
A39: 3103342987 | B39: 1.7829994e+09 | C39: -113 | D39: 7.25
A40: 2378580364 | B40: 1782999448.4864929
A41: 2378580364 | B41: 1782999454.655773 | C41: -115 | D41: 5.5
A42: 487070093 | B42: 1782999489.6167538
A43: 487070093 | B43: 1782999494.094097 | C43: -144 | D43: -19.5
A44: 2936550798 | B44: 1782999530.0080168
A45: 2936550798 | B45: 1.7829995e+09 | C45: -116 | D45: 6.5
A46: 1506869647 | B46: 1782999570.557873
A47: 1506869647 | B47: 1.7829996e+09 | C47: -112 | D47: 7.75
A48: 4167370128 | B48: 1782999610.469808
A49: 4167370128 | B49: 1782999616.9355578 | C49: -113 | D49: 6.75
A50: 3653072273 | B50: 1782999649.1792629
A51: 3653072273 | B51: 1782999655.715277 | C51: -113 | D51: 7
A52: 2306105746 | B52: 1782999691.723603
A53: 2306105746 | B53: 1782999698.158966 | C53: -113 | D53: 7.75
A54: 1904273811 | B54: 1782999731.032516
A55: 1904273811 | B55: 1782999737.943434 | C55: -113 | D55: 7.75
A56: 2700209556 | B56: 1782999770.000959
A57: 2700209556 | B57: 1.7829998e+09 | C57: -144 | D57: -20
A58: 866147733 | B58: 1782999811.062314
A59: 866147733 | B59: 1782999817.803993 | C59: -113 | D59: 7.75
A60: 4062013846 | B60: 1782999851.110111
A61: 4062013846 | B61: 1782999855.666898 | C61: -144 | D61: -19.75
A62: 533419415 | B62: 1782999890.5185878
A63: 533419415 | B63: 1782999896.6528242 | C63: -112 | D63: 7.75
A64: 3177647512 | B64: 1782999930.128532
A65: 3177647512 | B65: 1.7829999e+09 | C65: -144 | D65: -20
A66: 47998361 | B66: 1782999970.454655
A67: 47998361 | B67: 1782999975.282165 | C67: -141 | D67: -17.25
A68: 593970586 | B68: 1.783e+09
A69: 593970586 | B69: 1783000017.208006 | C69: -114 | D69: 7
A70: 1766821275 | B70: 1783000050.2260191
A71: 1766821275 | B71: 1783000055.700889 | C71: -115 | D71: 5
A72: 2502261148 | B72: 1783000090.514498
A73: 2502261148 | B73: 1783000097.118422 | C73: -115 | D73: 6.75
A74: 3611640221 | B74: 1783000131.766172
A75: 3611640221 | B75: 1783000145.8442261 | C75: -114 | D75: 6.5
A76: 1509663134 | B76: 1783000171.057774
A77: 1509663134 | B77: 1783000178.489419 | C77: -116 | D77: 6.5
A78: 3285140895 | B78: 1783000213.106343
A79: 3285140895 | B79: 1783000218.717603 | C79: -115 | D79: 7.25
A80: 1608709536 | B80: 1.7830003e+09
A81: 1608709536 | B81: 1783000255.453985 | C81: -144 | D81: -19.5
A82: 2902921633 | B82: 1783000291.5252328
A83: 2902921633 | B83: 1783000295.535862 | C83: -143 | D83: -19.25
A84: 993016226 | B84: 1783000334.513778
A85: 993016226 | B85: 1783000340.1133912 | C85: -143 | D85: -19
A86: 3105224099 | B86: 1783000371.090272
A87: 3105224099 | B87: 1783000376.260965 | C87: -114 | D87: 7.5
A88: 2451194276 | B88: 1783000412.0118861
A89: 2451194276 | B89: 1783000417.0721831 | C89: -144 | D89: -18.75
A90: 758402469 | B90: 1783000451.7168908
A91: 758402469 | B91: 1783000458.842719 | C91: -113 | D91: 7.75
A92: 1176627622 | B92: 1783000492.180097
A93: 1176627622 | B93: 1783000496.770317 | C93: -144 | D93: -20
A94: 1802724775 | B94: 1.7830005e+09
A95: 1802724775 | B95: 1783000538.195518 | C95: -145 | D95: -20.25
A96: 2146715048 | B96: 1783000572.520329
A97: 2146715048 | B97: 1.7830006e+09 | C97: -144 | D97: -19.25
A98: 688537001 | B98: 1783000613.1170151
A99: 688537001 | B99: 1783000618.641454 | C99: -116 | D99: 6
A100: 1733024170 | B100: 1783000654.183497
A101: 1733024170 | B101: 1783000661.293747 | C101: -113 | D101: 7

Sheet 1min_morning
A1: packetID | B1: fromID | C1: toID | D1: relayNode | E1: hops | F1: localID | G1: sendTime | H1: RSSI | I1: SNR
A2: 1801894923 | B2: !6c73daa0 | C2: !dadfb8d4 | D2: 200 | E2: 2 | F2: 1 | G2: 1.7830019e+09 | H2: -138 | I2: -14
A3: 3615723532 | B3: !6c73daa0 | C3: !dadfb8d4 | D3: 200 | E3: 2 | F3: 2 | G3: 1.783002e+09 | H3: -140 | I3: -14.75
A4: 28907533 | B4: !6c73daa0 | C4: !dadfb8d4 | D4: 204 | E4: 1 | F4: 3 | G4: 1.783002e+09 | H4: -145 | I4: -19.5
A5: 1153120270 | B5: !6c73daa0 | C5: !dadfb8d4 | D5: 200 | E5: 2 | F5: 4 | G5: 1.7830021e+09 | H5: -138 | I5: -14
A6: 3516863503 | B6: !6c73daa0 | C6: !dadfb8d4 | D6: 200 | E6: 2 | F6: 5 | G6: 1.7830021e+09 | H6: -140 | I6: -16
A7: 3414279184 | B7: !6c73daa0 | C7: !dadfb8d4 | D7: 200 | E7: 2 | F7: 6 | G7: 1.7830022e+09 | H7: -140 | I7: -15.25
A8: 1281884177 | B8: !6c73daa0 | C8: !dadfb8d4 | D8: 200 | E8: 2 | F8: 7 | G8: 1.7830023e+09 | H8: -138 | I8: -12.75
A9: 3002419218 | B9: !6c73daa0 | C9: !dadfb8d4 | D9: 200 | E9: 2 | F9: 8 | G9: 1.7830023e+09 | H9: -141 | I9: -16
A10: 1881288723 | B10: !6c73daa0 | C10: !dadfb8d4 | D10: 200 | E10: 2 | F10: 9 | G10: 1.7830024e+09 | H10: -139 | I10: -13.5
A11: 3691296788 | B11: !6c73daa0 | C11: !dadfb8d4 | D11: 200 | E11: 2 | F11: 10 | G11: 1.7830024e+09 | H11: -138 | I11: -12.5
A12: 2849300501 | B12: !6c73daa0 | C12: !dadfb8d4 | D12: 200 | E12: 2 | F12: 11 | G12: 1.7830025e+09 | H12: -139 | I12: -14.5
A13: 3123426326 | B13: !6c73daa0 | C13: !dadfb8d4 | D13: 204 | E13: 1 | F13: 12 | G13: 1.7830026e+09 | H13: -146 | I13: -20.75
... A51: 4130425916 | B51: !6c73daa0 | C51: !dadfb8d4 | D51: 99 | E51: 2 | F51: 50 | G51: 1.7830048e+09 | H51: -103 | I51: 9

Sheet 1min_morning_ACK
A1: 1801894923 | B1: 1783001900.099304
A2: 3615723532 | B2: 1783001958.730546
A3: 3615723532 | B3: 1783001973.884809 | C3: -114 | D3: 7
A4: 28907533 | B4: 1783002019.5805178
A5: 28907533 | B5: 1.783002e+09 | C5: -144 | D5: -19.75
A6: 1153120270 | B6: 1783002079.972933
A7: 1153120270 | B7: 1783002084.145686 | C7: -144 | D7: -19.5
A8: 1486026959 | B8: 1783002094.8604789 | C8: -83 | D8: 10.5
A9: 3516863503 | B9: 1783002140.0585291
A10: 3516863503 | B10: 1783002146.928237 | C10: -113 | D10: 9
A11: 3414279184 | B11: 1783002200.109644
A12: 3414279184 | B12: 1783002208.588971 | C12: -115 | D12: 6.25
A13: 1281884177 | B13: 1783002260.4899578
A14: 1281884177 | B14: 1783002265.8331609 | C14: -116 | D14: 5.75
A15: 3002419218 | B15: 1783002319.789969
A16: 3002419218 | B16: 1783002328.099039 | C16: -115 | D16: 7
A17: 1881288723 | B17: 1783002380.883848
A18: 1881288723 | B18: 1783002387.2552059 | C18: -113 | D18: 7.75
A19: 3691296788 | B19: 1783002441.1886022
A20: 3691296788 | B20: 1783002449.3946838 | C20: -114 | D20: 6
A21: 2849300501 | B21: 1.7830025e+09
A22: 2849300501 | B22: 1783002506.052993 | C22: -113 | D22: 6.5
A23: 3123426326 | B23: 1783002562.287217
A24: 3123426326 | B24: 1.7830026e+09 | C24: -113 | D24: 7.25
A25: 1000510487 | B25: 1783002620.6513479
A26: 1000510487 | B26: 1.7830026e+09 | C26: -113 | D26: 7
A27: 3512696856 | B27: 1783002680.5386581
A28: 3512696856 | B28: 1783002687.071434 | C28: -114 | D28: 6.75
A29: 776255513 | B29: 1783002739.893352
A30: 776255513 | B30: 1783002744.972497 | C30: -144 | D30: -20
A31: 2472154138 | B31: 1783002800.298692
A32: 2472154138 | B32: 1783002804.596437 | C32: -144 | D32: -20.25
A33: 2106106907 | B33: 1783002860.557227
A34: 2106106907 | B34: 1783002864.880573 | C34: -143 | D34: -19.25
A35: 87720988 | B35: 1783002920.772453
A36: 87720988 | B36: 1.7830029e+09 | C36: -113 | D36: 6.75
A37: 3391021085 | B37: 1783002980.338491
A38: 3876613150 | B38: 1783003041.804085
A39: 3876613150 | B39: 1783003048.557131 | C39: -114 | D39: 7.75
A40: 2840409119 | B40: 1783003102.7047732
A41: 2840409119 | B41: 1783003107.2604249 | C41: -143 | D41: -19.5
A42: 1189599264 | B42: 1.7830032e+09
A43: 1189599264 | B43: 1783003168.9167218 | C43: -114 | D43: 7.25
A44: 1774390305 | B44: 1783003221.178136
A45: 1774390305 | B45: 1783003226.3767931 | C45: -143 | D45: -18.75
A46: 1042233378 | B46: 1783003282.4307368
A47: 1042233378 | B47: 1783003288.4042182 | C47: -113 | D47: 7.5
A48: 766979107 | B48: 1783003341.505562
A49: 766979107 | B49: 1783003345.913907 | C49: -143 | D49: -18.75
A50: 2956764196 | B50: 1783003401.446572
A51: 2956764196 | B51: 1783003406.797817 | C51: -144 | D51: -19.5
A52: 965088293 | B52: 1783003463.8315678
A53: 965088293 | B53: 1783003470.3980858 | C53: -114 | D53: 6.75
A54: 1916427302 | B54: 1783003524.5268118
A55: 1916427302 | B55: 1783003531.3680131 | C55: -113 | D55: 8
A56: 3137561639 | B56: 1783003582.728856
A57: 3137561639 | B57: 1783003587.7018712 | C57: -145 | D57: -19.75
A58: 258115624 | B58: 1783003642.096812
A59: 258115624 | B59: 1.7830037e+09 | C59: -113 | D59: 7.25
A60: 372924457 | B60: 1783003701.9376209
A61: 372924457 | B61: 1783003709.122056 | C61: -116 | D61: 5
A62: 2616523818 | B62: 1783003763.0810041
A63: 2616523818 | B63: 1783003768.8928251 | C63: -114 | D63: 6.75
A64: 2073766955 | B64: 1783003824.1623979
A65: 2073766955 | B65: 1783003830.215074 | C65: -114 | D65: 7.5
A66: 2996768812 | B66: 1783003882.372035
A67: 2996768812 | B67: 1783003888.158816 | C67: -114 | D67: 7
A68: 2050375725 | B68: 1783003943.846282
A69: 2050375725 | B69: 1783003947.8476229 | C69: -144 | D69: -19.5
A70: 2602861614 | B70: 1783004002.571152
A71: 2602861614 | B71: 1783004008.5791948 | C71: -113 | D71: 7.5
A72: 3950203951 | B72: 1783004063.110353
A73: 1916310576 | B73: 1783004122.816511
A74: 1916310576 | B74: 1783004129.014503 | C74: -114 | D74: 8
A75: 3273699377 | B75: 1783004185.7764401
A76: 3273699377 | B76: 1783004190.272591 | C76: -144 | D76: -20
A77: 2357293106 | B77: 1783004245.956394
A78: 2357293106 | B78: 1783004253.1681778 | C78: -113 | D78: 8.5
A79: 3230034995 | B79: 1.7830043e+09
A80: 3230034995 | B80: 1783004308.132586 | C80: -146 | D80: -20.5
A81: 3818102836 | B81: 1783004364.3507252
A82: 3818102836 | B82: 1783004371.3875241 | C82: -114 | D82: 6.75
A83: 1613367349 | B83: 1783004424.991724
A84: 1613367349 | B84: 1783004429.9028559 | C84: -144 | D84: -19.25
A85: 2663693366 | B85: 1783004484.6889799
A86: 2663693366 | B86: 1783004490.063991 | C86: -142 | D86: -17
A87: 3875451959 | B87: 1783004543.5626822
A88: 3875451959 | B88: 1783004550.3867369 | C88: -113 | D88: 8.75
A89: 1936307256 | B89: 1.7830046e+09
A90: 1936307256 | B90: 1783004611.702571 | C90: -114 | D90: 7.25
A91: 2014859321 | B91: 1783004664.1978319
A92: 2014859321 | B92: 1783004672.315305 | C92: -115 | D92: 6
A93: 2898022458 | B93: 1783004724.937908
A94: 2898022458 | B94: 1783004731.6840699 | C94: -114 | D94: 7.25
A95: 2967190587 | B95: 1783004785.1493871
A96: 2967190587 | B96: 1783004798.607449 | C96: -113 | D96: 6.25
A97: 4130425916 | B97: 1.7830048e+09
A98: 4130425916 | B98: 1783004858.914731 | C98: -113 | D98: 7

Sheet 5sec_afternoon
A1: 2356606103 | B1: !6c73daa0 | C1: !dadfb8d4 | D1: 200 | E1: 2 | F1: 1 | G1: 1.7830163e+09 | H1: 1783016335.4551263 | I1: -139 | J1: -15.5 | K1: =H1-G1 -> 6.3738601
A2: 2917316760 | B2: !6c73daa0 | C2: !dadfb8d4 | D2: 200 | E2: 2 | F2: 2 | G2: 1.7830163e+09 | H2: 1783016356.7166433 | I2: -136 | J2: -12.75 | K2: =H2-G2 -> 22.52727
A3: 2939092121 | B3: !6c73daa0 | C3: !dadfb8d4 | D3: 200 | E3: 2 | F3: 3 | G3: 1.7830163e+09 | H3: 1783016347.4391334 | I3: -138 | J3: -13 | K3: =H3-G3 -> 8.1392901
A4: 4019089562 | B4: !6c73daa0 | C4: !dadfb8d4 | D4: 200 | E4: 2 | F4: 4 | G4: 1.7830163e+09 | H4: 1783016362.818397 | I4: -139 | J4: -13.75 | K4: =H4-G4 -> 18.40963
A5: 2159920284 | B5: !6c73daa0 | C5: !dadfb8d4 | D5: 200 | E5: 2 | F5: 6 | G5: 1.7830164e+09 | H5: 1.7830164e+09 | I5: -139 | J5: -15 | K5: =H5-G5 -> 17.58708
A6: 224053405 | B6: !6c73daa0 | C6: !dadfb8d4 | D6: 200 | E6: 2 | F6: 7 | G6: 1.7830164e+09 | H6: 1783016376.881785 | I6: -140 | J6: -16.25 | K6: =H6-G6 -> 17.14244
A7: 74218654 | B7: !6c73daa0 | C7: !dadfb8d4 | D7: 200 | E7: 2 | F7: 8 | G7: 1.7830164e+09 | H7: 1783016386.1462235 | I7: -138 | J7: -14.75 | K7: =H7-G7 -> 21.29572
A8: 498995359 | B8: !6c73daa0 | C8: !dadfb8d4 | D8: 200 | E8: 2 | F8: 9 | G8: 1.7830164e+09 | H8: 1783016397.048152 | I8: -138 | J8: -15.25 | K8: =H8-G8 -> 27.08927
A9: 3561841824 | B9: !6c73daa0 | C9: !dadfb8d4 | D9: 200 | E9: 2 | F9: 10 | G9: 1.7830164e+09 | H9: 1783016412.7418838 | I9: -139 | J9: -14.5 | K9: =H9-G9 -> 37.67363
A10: 2450951329 | B10: !6c73daa0 | C10: !dadfb8d4 | D10: 200 | E10: 2 | F10: 11 | G10: 1.7830164e+09 | H10: 1783016418.2682958 | I10: -138 | J10: -13.5 | K10: =H10-G10 -> 38.09231
A11: 1878023330 | B11: !6c73daa0 | C11: !dadfb8d4 | D11: 200 | E11: 2 | F11: 12 | G11: 1.7830164e+09 | H11: 1783016431.180133 | I11: -137 | J11: -12.5 | K11: =H11-G11 -> 45.89439
A12: 2770119843 | B12: !6c73daa0 | C12: !dadfb8d4 | D12: 200 | E12: 2 | F12: 13 | G12: 1.7830164e+09 | H12: 1783016443.2202673 | I12: -139 | J12: -16 | K12: =H12-G12 -> 52.82564
A13: 3487877285 | B13: !6c73daa0 | C13: !dadfb8d4 | D13: 200 | E13: 2 | F13: 15 | G13: 1.7830164e+09 | H13: 1783016456.2339046 | I13: -138 | J13: -12.75 | K13: =H13-G13 -> 55.62425
A14: 1769893030 | B14: !6c73daa0 | C14: !dadfb8d4 | D14: 200 | E14: 2 | F14: 16 | G14: 1.7830164e+09 | H14: 1783016450.3519466 | I14: -135 | J14: -11 | K14: =H14-G14 -> 44.63527
A15: 222209191 | B15: !6c73daa0 | C15: !dadfb8d4 | D15: 200 | E15: 2 | F15: 17 | G15: 1.7830164e+09 | H15: 1783016464.5338619 | I15: -135 | J15: -10.75 | K15: =H15-G15 -> 53.7113
A16: 1092912297 | B16: !6c73daa0 | C16: !dadfb8d4 | D16: 200 | E16: 2 | F16: 19 | G16: 1.7830164e+09 | H16: 1783016468.2182412 | I16: -136 | J16: -11.5 | K16: =H16-G16 -> 47.17824
A17: 252217514 | B17: !6c73daa0 | C17: !dadfb8d4 | D17: 200 | E17: 2 | F17: 20 | G17: 1.7830164e+09 | H17: 1783016507.583451 | I17: -138 | J17: -13 | K17: =H17-G17 -> 81.43657
... A39: 4230789320 | B39: !6c73daa0 | C39: !dadfb8d4 | D39: 200 | E39: 1 | F39: 50 | G39: 1.7830166e+09 | H39: 1783016583.8466175 | I39: -142 | J39: -16.5 | K39: =H39-G39 -> 4.4394

Sheet 5sec_afternoon_ACK
A1: 2356606103 | B1: 1783016332.580566
A2: 2356606103 | B2: 1783016340.221466 | C2: -115 | D2: 2.75
A3: 2939092121 | B3: 1783016345.122568
A4: 2939092121 | B4: 1783016352.493181 | C4: -116 | D4: 4
A5: 2917316760 | B5: 1783016355.001309
A6: 4019089562 | B6: 1783016358.6649458
A7: 2917316760 | B7: 1783016364.141789 | C7: -116 | D7: 6
A8: 2159920284 | B8: 1783016369.2181098
A9: 1839092891 | B9: 1.7830164e+09
A10: 224053405 | B10: 1783016374.7711942
A11: 224053405 | B11: 1783016380.6743119 | C11: -114 | D11: 5.25
A12: 74218654 | B12: 1783016383.883286
A13: 74218654 | B13: 1783016389.7930791 | C13: -116 | D13: 5.5
A14: 498995359 | B14: 1783016394.963625
A15: 498995359 | B15: 1783016400.379924 | C15: -117 | D15: 5.5
A16: 2450951329 | B16: 1783016425.761054 | C16: -116 | D16: 3.75
A17: 865043631 | B17: 1783016486.994307 | C17: -115 | D17: 4.75
A18: 267577520 | B18: 1783016491.822369 | C18: -116 | D18: 5.75
A19: 1092912297 | B19: 1783016493.389767 | C19: -116 | D19: 5.25
A20: 3421362347 | B20: 1783016503.972883 | C20: -116 | D20: 4.25
A21: 272061613 | B21: 1783016531.9712052 | C21: -117 | D21: 5
A22: 559829171 | B22: 1.7830166e+09 | C22: -144 | D22: -19.25
A23: 4230789320 | B23: 1783016583.569039

Sheet 20sec_afternon
A1: 1467316129 | B1: !6c73daa0 | C1: !dadfb8d4 | D1: 200 | E1: 2 | F1: 1 | G1: 1.7830178e+09 | H1: 1783017796.975007 | I1: -136 | J1: -12.25 | K1: =H1-G1 -> 6.3444698
A2: 1999121317 | B2: !6c73daa0 | C2: !dadfb8d4 | D2: 200 | E2: 2 | F2: 5 | G2: 1.7830179e+09 | H2: 1783017876.5711937 | I2: -138 | J2: -14 | K2: =H2-G2 -> 5.4751301
A3: 4272586662 | B3: !6c73daa0 | C3: !dadfb8d4 | D3: 200 | E3: 2 | F3: 6 | G3: 1.7830179e+09 | H3: 1783017897.7829523 | I3: -140 | J3: -14.5 | K3: =H3-G3 -> 6.57498
A4: 252475303 | B4: !6c73daa0 | C4: !dadfb8d4 | D4: 200 | E4: 2 | F4: 7 | G4: 1.7830179e+09 | H4: 1783017917.6423733 | I4: -135 | J4: -11.25 | K4: =H4-G4 -> 6.3227899
A5: 4172195752 | B5: !6c73daa0 | C5: !dadfb8d4 | D5: 200 | E5: 2 | F5: 8 | G5: 1.7830179e+09 | H5: 1783017939.1205282 | I5: -140 | J5: -16.25 | K5: =H5-G5 -> 7.6879401
A6: 1477650345 | B6: !6c73daa0 | C6: !dadfb8d4 | D6: 200 | E6: 2 | F6: 9 | G6: 1.783018e+09 | H6: 1783017957.1253686 | I6: -139 | J6: -13.5 | K6: =H6-G6 -> 5.5706301
A7: 2287170474 | B7: !6c73daa0 | C7: !dadfb8d4 | D7: 204 | E7: 1 | F7: 10 | G7: 1.783018e+09 | H7: 1783017975.7630978 | I7: -144 | J7: -19.75 | K7: =H7-G7 -> 4.0957599
A8: 2729804715 | B8: !6c73daa0 | C8: !dadfb8d4 | D8: 200 | E8: 2 | F8: 11 | G8: 1.783018e+09 | H8: 1783017997.8565435 | I8: -139 | J8: -15 | K8: =H8-G8 -> 6.0787499
A9: 3474316204 | B9: !6c73daa0 | C9: !dadfb8d4 | D9: 200 | E9: 2 | F9: 12 | G9: 1.783018e+09 | H9: 1783018018.542315 | I9: -143 | J9: -19 | K9: =H9-G9 -> 6.6559701
A10: 2904587181 | B10: !6c73daa0 | C10: !dadfb8d4 | D10: 200 | E10: 2 | F10: 13 | G10: 1.783018e+09 | H10: 1783018038.6994076 | I10: -139 | J10: -14.75 | K10: =H10-G10 -> 6.7007
A11: 1687119790 | B11: !6c73daa0 | C11: !dadfb8d4 | D11: 200 | E11: 2 | F11: 14 | G11: 1.7830181e+09 | H11: 1783018057.6879547 | I11: -138 | J11: -13 | K11: =H11-G11 -> 5.5768399
A12: 1779333039 | B12: !6c73daa0 | C12: !dadfb8d4 | D12: 200 | E12: 2 | F12: 15 | G12: 1.7830181e+09 | H12: 1783018079.5504515 | I12: -137 | J12: -13.25 | K12: =H12-G12 -> 7.3299
... A31: 2261360582 | B31: !6c73daa0 | C31: !dadfb8d4 | D31: 200 | E31: 2 | F31: 38 | G31: 1.7830185e+09 | H31: 1783018540.8111377 | I31: -138 | J31: -14 | K31: =H31-G31 -> 6.0650201
A32: 3107042247 | B32: !6c73daa0 | C32: !dadfb8d4 | D32: 200 | E32: 2 | F32: 39 | G32: 1.7830186e+09 | H32: 1.7830186e+09 | I32: -137 | J32: -13 | K32: =H32-G32 -> 6.4461
A33: 618178504 | B33: !6c73daa0 | C33: !dadfb8d4 | D33: 200 | E33: 2 | F33: 40 | G33: 1.7830186e+09 | H33: 1783018582.6741881 | I33: -136 | J33: -11.5 | K33: =H33-G33 -> 7.7019801
A34: 2577157065 | B34: !6c73daa0 | C34: !dadfb8d4 | D34: 200 | E34: 2 | F34: 41 | G34: 1.7830186e+09 | H34: 1783018601.5266757 | I34: -139 | J34: -14 | K34: =H34-G34 -> 6.44189
A35: 1685260234 | B35: !6c73daa0 | C35: !dadfb8d4 | D35: 200 | E35: 2 | F35: 42 | G35: 1.7830186e+09 | H35: 1783018622.0566795 | I35: -140 | J35: -15.25 | K35: =H35-G35 -> 6.85993
A36: 1037724619 | B36: !6c73daa0 | C36: !dadfb8d4 | D36: 200 | E36: 2 | F36: 43 | G36: 1.7830186e+09 | H36: 1783018641.3519313 | I36: -137 | J36: -14 | K36: =H36-G36 -> 6.0369298
A37: 3619554252 | B37: !6c73daa0 | C37: !dadfb8d4 | D37: 200 | E37: 2 | F37: 44 | G37: 1.7830187e+09 | H37: 1783018662.0478928 | I37: -137 | J37: -13 | K37: =H37-G37 -> 6.6208599
A38: 2948291533 | B38: !6c73daa0 | C38: !dadfb8d4 | D38: 200 | E38: 2 | F38: 45 | G38: 1.7830187e+09 | H38: 1783018681.4000723 | I38: -139 | J38: -13.75 | K38: =H38-G38 -> 5.8697701
A39: 265383886 | B39: !6c73daa0 | C39: !dadfb8d4 | D39: 200 | E39: 2 | F39: 46 | G39: 1.7830187e+09 | H39: 1783018701.0273178 | I39: -140 | J39: -15 | K39: =H39-G39 -> 5.39447
A40: 1526486991 | B40: !6c73daa0 | C40: !dadfb8d4 | D40: 200 | E40: 2 | F40: 47 | G40: 1.7830187e+09 | H40: 1783018722.2053673 | I40: -138 | J40: -13.75 | K40: =H40-G40 -> 6.4674299
A41: 1002842064 | B41: !6c73daa0 | C41: !dadfb8d4 | D41: 200 | E41: 2 | F41: 48 | G41: 1.7830187e+09 | H41: 1.7830187e+09 | I41: -139 | J41: -14 | K41: =H41-G41 -> 6.28808
A42: 2959909841 | B42: !6c73daa0 | C42: !dadfb8d4 | D42: 200 | E42: 2 | F42: 49 | G42: 1.7830188e+09 | H42: 1783018762.2660878 | I42: -137 | J42: -11.75 | K42: =H42-G42 -> 6.30755
A43: 139870162 | B43: !6c73daa0 | C43: !dadfb8d4 | D43: 200 | E43: 2 | F43: 50 | G43: 1.7830188e+09 | H43: 1783018783.9246407 | I43: -138 | J43: -13 | K43: =H43-G43 -> 7.8566899

Sheet 20sec_afternoon_ACK
A1: 3688657074 | B1: 1.7830178e+09 | C1: -116 | D1: 5.5
A2: 4230789320 | B2: 1783017790.8011389 | C2: -118 | D2: 5.5
A3: 1467316129 | B3: 1783017794.8938391
A4: 1467316129 | B4: 1783017801.410361 | C4: -118 | D4: 4.5
A5: 2273843106 | B5: 1783017814.167993
A6: 4060368803 | B6: 1783017834.991133
A7: 1543318436 | B7: 1783017853.9877481
A8: 1999121317 | B8: 1783017874.255117
A9: 1999121317 | B9: 1783017880.517596 | C9: -117 | D9: 6
A10: 4272586662 | B10: 1783017894.5197408
A11: 4272586662 | B11: 1783017902.655144 | C11: -115 | D11: 6.25
A12: 252475303 | B12: 1783017914.930089
A13: 252475303 | B13: 1783017919.719841 | C13: -144 | D13: -18.25
A14: 4172195752 | B14: 1783017935.6588411
A15: 4172195752 | B15: 1783017941.199511 | C15: -143 | D15: -18.25
A16: 1477650345 | B16: 1783017954.757159
A17: 1477650345 | B17: 1783017960.7351758 | C17: -115 | D17: 5.5
A18: 2287170474 | B18: 1783017981.571666 | C18: -121 | D18: 1.5
A19: 2729804715 | B19: 1783017996.103364
A20: 2729804715 | B20: 1783018001.253081 | C20: -115 | D20: 6.25
A21: 3474316204 | B21: 1783018015.903275
A22: 3474316204 | B22: 1783018021.853439 | C22: -116 | D22: 5.75
A23: 2904587181 | B23: 1783018035.942587
A24: 2904587181 | B24: 1783018042.379044 | C24: -117 | D24: 5.25
A25: 1687119790 | B25: 1783018056.0279949
A26: 1687119790 | B26: 1783018061.293341 | C26: -115 | D26: 6.25
A27: 1779333039 | B27: 1783018076.4704251
A28: 1779333039 | B28: 1783018084.375384 | C28: -117 | D28: 5.75
A29: 851579824 | B29: 1783018095.776905
A30: 851579824 | B30: 1783018102.1122859 | C30: -117 | D30: 4.75
A31: 994146225 | B31: 1783018115.969598
A32: 994146225 | B32: 1783018122.3329349 | C32: -116 | D32: 5.5
A33: 3343820722 | B33: 1783018136.627737
A34: 3343820722 | B34: 1.7830181e+09 | C34: -116 | D34: 5.5
A35: 3392257971 | B35: 1783018156.6316748
A36: 3392257971 | B36: 1783018163.007499 | C36: -115 | D36: 6
A37: 250540980 | B37: 1783018175.929143
A38: 250540980 | B38: 1783018182.064152 | C38: -114 | D38: 2.75
A39: 3071252405 | B39: 1.7830182e+09
A40: 3071252405 | B40: 1783018203.7090461 | C40: -115 | D40: 6
A41: 2612805558 | B41: 1783018215.630542
A42: 2612805558 | B42: 1783018221.1471848 | C42: -119 | D42: 5.25
A43: 1055525815 | B43: 1783018238.158653
A44: 1055525815 | B44: 1783018243.215491 | C44: -145 | D44: -18.5
A45: 387171256 | B45: 1783018256.370073
A46: 387171256 | B46: 1783018262.925971 | C46: -114 | D46: 5.75
A47: 2653928377 | B47: 1.7830183e+09
A48: 2653928377 | B48: 1783018283.4378612 | C48: -116 | D48: 5.25
A49: 4217252794 | B49: 1783018296.595956
A50: 1256723387 | B50: 1783018316.526926
A51: 1660974012 | B51: 1783018337.016583
A52: 247476157 | B52: 1783018356.4330711
A53: 247476157 | B53: 1783018363.404107 | C53: -115 | D53: 6
A54: 2127561662 | B54: 1783018376.755836
A55: 1110904767 | B55: 1783018398.330791
A56: 4170792896 | B56: 1783018417.559923
A57: 4170792896 | B57: 1783018422.5897632 | C57: -144 | D57: -19.25
A58: 4049139649 | B58: 1783018437.4782772
A59: 4049139649 | B59: 1783018442.369685 | C59: -145 | D59: -19.75
A60: 2422521794 | B60: 1783018457.482503
A61: 2422521794 | B61: 1783018463.9531589 | C61: -116 | D61: 5.5
A62: 2999637955 | B62: 1783018477.282839
A63: 2999637955 | B63: 1783018482.4493172 | C63: -116 | D63: 5.75
A64: 1130434500 | B64: 1783018498.585958
A65: 1130434500 | B65: 1783018506.175602 | C65: -117 | D65: 5.5
A66: 1174396869 | B66: 1783018517.387708
A67: 1174396869 | B67: 1783018524.047946 | C67: -115 | D67: 5.5
A68: 2261360582 | B68: 1783018538.872291
A69: 2261360582 | B69: 1783018544.6291919 | C69: -114 | D69: 6.25
A70: 3107042247 | B70: 1783018558.8310778
A71: 3107042247 | B71: 1783018563.414221 | C71: -143 | D71: -17.75
A72: 618178504 | B72: 1783018579.986423
A73: 618178504 | B73: 1783018584.8951921 | C73: -144 | D73: -19.25
A74: 2577157065 | B74: 1783018598.5945668
A75: 2577157065 | B75: 1783018605.227115 | C75: -117 | D75: 6.25
A76: 1685260234 | B76: 1783018619.313303
A77: 1685260234 | B77: 1783018625.455595 | C77: -115 | D77: 7.75
A78: 1037724619 | B78: 1783018638.2390862
A79: 3619554252 | B79: 1783018659.165905
A80: 3619554252 | B80: 1783018666.445473 | C80: -116 | D80: 5.75
A81: 2948291533 | B81: 1783018678.464282
A82: 2948291533 | B82: 1783018683.685334 | C82: -143 | D82: -17.5
A83: 265383886 | B83: 1783018698.7705002
A84: 265383886 | B84: 1783018705.9854422 | C84: -115 | D84: 4.25
A85: 1526486991 | B85: 1783018720.005985
A86: 1526486991 | B86: 1.7830187e+09 | C86: -116 | D86: 5.25
A87: 1002842064 | B87: 1783018739.365691
A88: 1002842064 | B88: 1783018745.901221 | C88: -120 | D88: 5
A89: 2959909841 | B89: 1783018760.054471
A90: 2959909841 | B90: 1783018765.834124 | C90: -116 | D90: 5.5
A91: 139870162 | B91: 1783018779.9455922
A92: 139870162 | B92: 1783018787.5737112 | C92: -118 | D92: 6

Sheet 40sec_afternoon
A1: 691916334 | B1: !6c73daa0 | C1: !dadfb8d4 | D1: 200 | E1: 2 | F1: 1 | G1: 1.78302e+09 | H1: 1783020009.1909359 | I1: -137 | J1: -12.5 | K1: =H1-G1 -> 6.5862
A2: 2797798959 | B2: !6c73daa0 | C2: !dadfb8d4 | D2: 200 | E2: 2 | F2: 2 | G2: 1.78302e+09 | H2: 1783020048.4355614 | I2: -139 | J2: -13.25 | K2: =H2-G2 -> 5.7166901
A3: 1026922032 | B3: !6c73daa0 | C3: !dadfb8d4 | D3: 200 | E3: 2 | F3: 3 | G3: 1.7830201e+09 | H3: 1783020089.5891953 | I3: -136 | J3: -11.5 | K3: =H3-G3 -> 6.7555101
A4: 2238286385 | B4: !6c73daa0 | C4: !dadfb8d4 | D4: 200 | E4: 2 | F4: 4 | G4: 1.7830201e+09 | H4: 1783020129.6820269 | I4: -137 | J4: -12.75 | K4: =H4-G4 -> 6.74176
A5: 3091546674 | B5: !6c73daa0 | C5: !dadfb8d4 | D5: 200 | E5: 2 | F5: 5 | G5: 1.7830202e+09 | H5: 1783020170.098229 | I5: -138 | J5: -12.5 | K5: =H5-G5 -> 7.0493002
A6: 1242593843 | B6: !6c73daa0 | C6: !dadfb8d4 | D6: 200 | E6: 2 | F6: 6 | G6: 1.7830202e+09 | H6: 1783020209.8095245 | I6: -139 | J6: -14.25 | K6: =H6-G6 -> 6.6500599
A7: 2466080308 | B7: !6c73daa0 | C7: !dadfb8d4 | D7: 200 | E7: 2 | F7: 7 | G7: 1.7830202e+09 | H7: 1783020250.4459383 | I7: -137 | J7: -13 | K7: =H7-G7 -> 7.1653099
A8: 1131968053 | B8: !6c73daa0 | C8: !dadfb8d4 | D8: 200 | E8: 2 | F8: 8 | G8: 1.7830203e+09 | H8: 1783020288.949084 | I8: -137 | J8: -12.25 | K8: =H8-G8 -> 5.5466001
A9: 2971797046 | B9: !6c73daa0 | C9: !dadfb8d4 | D9: 200 | E9: 2 | F9: 9 | G9: 1.7830203e+09 | H9: 1783020329.9410114 | I9: -141 | J9: -15.5 | K9: =H9-G9 -> 6.4207001
A10: 1492466231 | B10: !6c73daa0 | C10: !dadfb8d4 | D10: 200 | E10: 2 | F10: 10 | G10: 1.7830204e+09 | H10: 1783020369.1313133 | I10: -141 | J10: -16.5 | K10: =H10-G10 -> 5.49371
A11: 296775224 | B11: !6c73daa0 | C11: !dadfb8d4 | D11: 200 | E11: 2 | F11: 11 | G11: 1.7830204e+09 | H11: 1783020417.1983883 | I11: -136 | J11: -12 | K11: =H11-G11 -> 13.4401
A12: 2548022841 | B12: !6c73daa0 | C12: !dadfb8d4 | D12: 200 | E12: 2 | F12: 12 | G12: 1.7830204e+09 | H12: 1783020450.6309817 | I12: -138 | J12: -13.5 | K12: =H12-G12 -> 6.77514
... A16: 1610990143 | B16: !6c73daa0 | C16: !dadfb8d4 | D16: 200 | E16: 2 | F16: 18 | G16: 1.7830207e+09 | H16: 1783020689.8521705 | I16: -136 | J16: -11 | K16: =H16-G16 -> 5.3258801
A17: 2165583425 | B17: !6c73daa0 | C17: !dadfb8d4 | D17: 200 | E17: 2 | F17: 20 | G17: 1.7830208e+09 | H17: 1.7830208e+09 | I17: -138 | J17: -14 | K17: =H17-G17 -> 7.3111498
A18: 1337506370 | B18: !6c73daa0 | C18: !dadfb8d4 | D18: 200 | E18: 2 | F18: 21 | G18: 1.7830208e+09 | H18: 1783020810.7268763 | I18: -137 | J18: -13.25 | K18: =H18-G18 -> 5.8415601
A19: 810930755 | B19: !6c73daa0 | C19: !dadfb8d4 | D19: 200 | E19: 2 | F19: 22 | G19: 1.7830208e+09 | H19: 1783020850.3632212 | I19: -140 | J19: -15.25 | K19: =H19-G19 -> 5.3566699
A20: 1246384709 | B20: !6c73daa0 | C20: !dadfb8d4 | D20: 200 | E20: 2 | F20: 24 | G20: 1.7830209e+09 | H20: 1783020931.2313225 | I20: -140 | J20: -14.5 | K20: =H20-G20 -> 5.99031
A21: 3421019718 | B21: !6c73daa0 | C21: !dadfb8d4 | D21: 200 | E21: 2 | F21: 25 | G21: 1.783021e+09 | H21: 1783020970.971477 | I21: -141 | J21: -16.25 | K21: =H21-G21 -> 5.60783
A22: 3830065735 | B22: !6c73daa0 | C22: !dadfb8d4 | D22: 200 | E22: 2 | F22: 26 | G22: 1.783021e+09 | H22: 1783021010.1398838 | I22: -138 | J22: -12.75 | K22: =H22-G22 -> 4.66716
A23: 238068296 | B23: !6c73daa0 | C23: !dadfb8d4 | D23: 200 | E23: 2 | F23: 27 | G23: 1.783021e+09 | H23: 1783021051.1661298 | I23: -141 | J23: -16.25 | K23: =H23-G23 -> 5.5820801
A24: 3802525257 | B24: !6c73daa0 | C24: !dadfb8d4 | D24: 200 | E24: 2 | F24: 28 | G24: 1.7830211e+09 | H24: 1783021092.2036004 | I24: -139 | J24: -15.5 | K24: =H24-G24 -> 6.5044
A25: 3747206730 | B25: !6c73daa0 | C25: !dadfb8d4 | D25: 200 | E25: 2 | F25: 29 | G25: 1.7830211e+09 | H25: 1783021132.334375 | I25: -140 | J25: -16 | K25: =H25-G25 -> 6.5158298
A26: 1543323211 | B26: !6c73daa0 | C26: !dadfb8d4 | D26: 200 | E26: 2 | F26: 30 | G26: 1.7830212e+09 | H26: 1783021171.6324637 | I26: -140 | J26: -14.75 | K26: =H26-G26 -> 5.6925702
A27: 1945340492 | B27: !6c73daa0 | C27: !dadfb8d4 | D27: 200 | E27: 2 | F27: 31 | G27: 1.7830212e+09 | H27: 1783021213.1885583 | I27: -138 | J27: -13.75 | K27: =H27-G27 -> 7.12658
A28: 459481677 | B28: !6c73daa0 | C28: !dadfb8d4 | D28: 200 | E28: 2 | F28: 32 | G28: 1.7830212e+09 | H28: 1783021251.7899742 | I28: -139 | J28: -14.5 | K28: =H28-G28 -> 5.6156399
A29: 1286458958 | B29: !6c73daa0 | C29: !dadfb8d4 | D29: 200 | E29: 2 | F29: 33 | G29: 1.7830213e+09 | H29: 1783021292.2302663 | I29: -140 | J29: -15.5 | K29: =H29-G29 -> 5.9374399
... A46: 2176688735 | B46: !6c73daa0 | C46: !dadfb8d4 | D46: 200 | E46: 2 | F46: 50 | G46: 1.783022e+09 | H46: 1783021973.9129288 | I46: -139 | J46: -14.25 | K46: =H46-G46 -> 5.61251

Sheet 40sec_afternoon_ACK
A1: 691916334 | B1: 1783020006.617313
A2: 691916334 | B2: 1783020012.536299 | C2: -115 | D2: 5.75
A3: 2797798959 | B3: 1783020045.487129
A4: 2797798959 | B4: 1783020050.403436 | C4: -145 | D4: -20.75
A5: 1026922032 | B5: 1783020086.353353
A6: 1026922032 | B6: 1783020093.383292 | C6: -116 | D6: 5.5
A7: 2238286385 | B7: 1783020126.635094
A8: 2238286385 | B8: 1783020136.347266 | C8: -115 | D8: 5.5
A9: 3091546674 | B9: 1783020167.3358872
A10: 3091546674 | B10: 1783020174.0981991 | C10: -116 | D10: 5.75
A11: 1242593843 | B11: 1783020207.247263
A12: 1242593843 | B12: 1783020213.6835158 | C12: -116 | D12: 5.5
A13: 2466080308 | B13: 1783020247.138649
A14: 2466080308 | B14: 1783020254.2938938 | C14: -115 | D14: 5.5
A15: 1131968053 | B15: 1783020287.167048
A16: 1131968053 | B16: 1783020291.165178 | C16: -145 | D16: -19.5
A17: 2971797046 | B17: 1783020326.7043772
A18: 2971797046 | B18: 1783020333.6799302 | C18: -115 | D18: 5.75
A19: 1492466231 | B19: 1783020366.256931
A20: 1492466231 | B20: 1783020372.294511 | C20: -116 | D20: 6
A21: 296775224 | B21: 1783020415.246271
A22: 296775224 | B22: 1783020420.423418 | C22: -114 | D22: 7.75
A23: 2548022841 | B23: 1783020447.2505379
A24: 2548022841 | B24: 1783020454.975438 | C24: -114 | D24: 6.25
A25: 1000615482 | B25: 1783020487.456285
A26: 1000615482 | B26: 1783020494.088054 | C26: -116 | D26: 5.75
A27: 3502227003 | B27: 1783020535.735747
A28: 246421052 | B28: 1783020574.603737
A29: 185778749 | B29: 1783020607.5205371
A30: 2781242942 | B30: 1783020648.6109052
A31: 2781242942 | B31: 1783020654.189574 | C31: -115 | D31: 7.25
A32: 1610990143 | B32: 1783020687.907444
A33: 1610990143 | B33: 1783020693.847768 | C33: -115 | D33: 6
A34: 2074893888 | B34: 1783020728.2282119
A35: 2165583425 | B35: 1783020768.6440651
A36: 2165583425 | B36: 1783020775.633368 | C36: -114 | D36: 7.5
A37: 1337506370 | B37: 1783020807.583245
A38: 1337506370 | B38: 1783020814.590511 | C38: -116 | D38: 5.5
A39: 810930755 | B39: 1783020847.973183
A40: 810930755 | B40: 1783020854.4282088 | C40: -115 | D40: 5.25
A41: 1833735748 | B41: 1783020888.099489
A42: 1246384709 | B42: 1783020929.3363788
A43: 1246384709 | B43: 1783020935.1059148 | C43: -115 | D43: 6.5
A44: 3421019718 | B44: 1783020968.8909938
A45: 3421019718 | B45: 1783020975.131368 | C45: -114 | D45: 7
A46: 3830065735 | B46: 1.783021e+09
A47: 3830065735 | B47: 1783021014.023936 | C47: -114 | D47: 5.5
A48: 238068296 | B48: 1783021048.9685209
A49: 238068296 | B49: 1783021053.766256 | C49: -144 | D49: -19.25
A50: 3802525257 | B50: 1783021089.9078772
A51: 3802525257 | B51: 1783021095.3393269 | C51: -115 | D51: 6.5
A52: 3747206730 | B52: 1783021129.230193
A53: 3747206730 | B53: 1783021134.468717 | C53: -145 | D53: -19.5
A54: 1543323211 | B54: 1783021168.644286
A55: 1543323211 | B55: 1783021175.217958 | C55: -115 | D55: 7.25
A56: 1945340492 | B56: 1783021210.3563101
A57: 1945340492 | B57: 1783021216.681664 | C57: -114 | D57: 6.75
A58: 459481677 | B58: 1783021249.244725
A59: 459481677 | B59: 1783021254.885762 | C59: -114 | D59: 6.75
A60: 1286458958 | B60: 1783021289.9566562
A61: 1286458958 | B61: 1783021295.345245 | C61: -115 | D61: 6.5
A62: 3308435023 | B62: 1783021330.746502
A63: 3308435023 | B63: 1783021334.924577 | C63: -115 | D63: 7
A64: 3879831120 | B64: 1783021370.341486
A65: 3879831120 | B65: 1783021376.363456 | C65: -116 | D65: 6
A66: 2383259217 | B66: 1783021410.055882
A67: 2383259217 | B67: 1783021416.291614 | C67: -114 | D67: 6.5
A68: 365343314 | B68: 1783021450.530965
A69: 365343314 | B69: 1783021461.330689 | C69: -111 | D69: 6.75
A70: 1549847123 | B70: 1783021491.013451
A71: 1549847123 | B71: 1783021497.3914392 | C71: -115 | D71: 5.75
A72: 1711346260 | B72: 1783021529.7753322
A73: 1711346260 | B73: 1783021536.332721 | C73: -115 | D73: 6
A74: 4257538645 | B74: 1783021569.878558
A75: 4257538645 | B75: 1783021575.0866618 | C75: -145 | D75: -19.75
A76: 3093918294 | B76: 1783021611.151037
A77: 3093918294 | B77: 1783021619.4414651 | C77: -113 | D77: 7
A78: 1811858007 | B78: 1783021650.929569
A79: 1811858007 | B79: 1783021658.3794491 | C79: -115 | D79: 6
A80: 2266272344 | B80: 1783021691.7993448
A81: 2266272344 | B81: 1783021698.0168169 | C81: -116 | D81: 5.5
A82: 3534739033 | B82: 1783021730.9449139
A83: 3534739033 | B83: 1783021736.2721448 | C83: -115 | D83: 5.75
A84: 1234309722 | B84: 1783021771.6842911
A85: 1234309722 | B85: 1783021778.170353 | C85: -115 | D85: 4.75
A86: 1040801371 | B86: 1783021811.365782
A87: 1040801371 | B87: 1783021817.685408 | C87: -116 | D87: 5.5
A88: 1696733788 | B88: 1783021852.187083
A89: 1696733788 | B89: 1783021858.791871 | C89: -114 | D89: 7
A90: 1915405917 | B90: 1783021891.424721
A91: 1915405917 | B91: 1783021895.9986281 | C91: -144 | D91: -19.25
A92: 3197930078 | B92: 1783021942.009213 | C92: -116 | D92: 6
A93: 2176688735 | B93: 1783021970.9373922
A94: 2176688735 | B94: 1783021977.984843 | C94: -112 | D94: 8.25

Sheet 1min_afternoon
A1: 3809386175 | B1: !6c73daa0 | C1: !dadfb8d4 | D1: 200 | E1: 2 | F1: 1 | G1: 1.7830232e+09 | H1: 1783023220.294314 | I1: -138 | J1: -14 | K1: =H1-G1 -> 5.6308901
A2: 247190208 | B2: !6c73daa0 | C2: !dadfb8d4 | D2: 200 | E2: 2 | F2: 2 | G2: 1.7830233e+09 | H2: 1783023281.2951837 | I2: -137 | J2: -11.5 | K2: =H2-G2 -> 6.56829
A3: 3852823234 | B3: !6c73daa0 | C3: !dadfb8d4 | D3: 200 | E3: 2 | F3: 4 | G3: 1.7830234e+09 | H3: 1783023401.4463255 | I3: -135 | J3: -11.25 | K3: =H3-G3 -> 6.4806402
A4: 177872579 | B4: !6c73daa0 | C4: !dadfb8d4 | D4: 200 | E4: 2 | F4: 5 | G4: 1.7830235e+09 | H4: 1783023460.720505 | I4: -137 | J4: -13.25 | K4: =H4-G4 -> 5.63363
A5: 3330440900 | B5: !6c73daa0 | C5: !dadfb8d4 | D5: 200 | E5: 2 | F5: 6 | G5: 1.7830235e+09 | H5: 1783023522.363445 | I5: -138 | J5: -14 | K5: =H5-G5 -> 7.1609299
A6: 2838615749 | B6: !6c73daa0 | C6: !dadfb8d4 | D6: 200 | E6: 2 | F6: 7 | G6: 1.7830236e+09 | H6: 1783023581.8370068 | I6: -138 | J6: -12.5 | K6: =H6-G6 -> 6.5139899
A7: 3111710406 | B7: !6c73daa0 | C7: !dadfb8d4 | D7: 200 | E7: 2 | F7: 8 | G7: 1.7830236e+09 | H7: 1783023641.5861545 | I7: -140 | J7: -14.75 | K7: =H7-G7 -> 6.1415
A8: 769615559 | B8: !6c73daa0 | C8: !dadfb8d4 | D8: 200 | E8: 2 | F8: 9 | G8: 1.7830237e+09 | H8: 1783023700.9054506 | I8: -137 | J8: -12 | K8: =H8-G8 -> 5.3382502
A9: 2564463304 | B9: !6c73daa0 | C9: !dadfb8d4 | D9: 200 | E9: 2 | F9: 10 | G9: 1.7830238e+09 | H9: 1783023762.3203762 | I9: -138 | J9: -13.25 | K9: =H9-G9 -> 6.6258399
A10: 3326313161 | B10: !6c73daa0 | C10: !dadfb8d4 | D10: 200 | E10: 2 | F10: 11 | G10: 1.7830238e+09 | H10: 1783023821.043258 | I10: -136 | J10: -11.75 | K10: =H10-G10 -> 5.23629
A11: 2360782538 | B11: !6c73daa0 | C11: !dadfb8d4 | D11: 200 | E11: 2 | F11: 12 | G11: 1.7830239e+09 | H11: 1783023881.9785447 | I11: -139 | J11: -13.75 | K11: =H11-G11 -> 6.07002
A12: 3521305291 | B12: !6c73daa0 | C12: !dadfb8d4 | D12: 200 | E12: 2 | F12: 13 | G12: 1.7830239e+09 | H12: 1783023941.1530247 | I12: -138 | J12: -13.25 | K12: =H12-G12 -> 5.128
... A49: 2203009776 | B49: !6c73daa0 | C49: !dadfb8d4 | D49: 200 | E49: 2 | F49: 50 | G49: 1.7830262e+09 | H49: 1783026166.9951782 | I49: -137 | J49: -12 | K49: =H49-G49 -> 6.7509301

Sheet 1min_afternoon_ACK
A1: 3809386175 | B1: 1783023218.0770612
A2: 3809386175 | B2: 1783023222.555608 | C2: -144 | D2: -18.75
A3: 247190208 | B3: 1783023278.224046
A4: 247190208 | B4: 1783023283.585782 | C4: -141 | D4: -17.25
A5: 3785662145 | B5: 1783023337.960906
A6: 3852823234 | B6: 1783023399.084385
A7: 3852823234 | B7: 1783023403.5687401 | C7: -144 | D7: -18.5
A8: 177872579 | B8: 1783023458.342535
A9: 177872579 | B9: 1783023464.338372 | C9: -114 | D9: 7.25
A10: 3330440900 | B10: 1.7830235e+09
A11: 3330440900 | B11: 1783023525.410027 | C11: -115 | D11: 5.75
A12: 2838615749 | B12: 1783023579.078827
A13: 2838615749 | B13: 1783023585.401082 | C13: -115 | D13: 5.5
A14: 3111710406 | B14: 1783023639.428298
A15: 3111710406 | B15: 1783023643.669145 | C15: -143 | D15: -17.5
A16: 769615559 | B16: 1783023698.824466
A17: 769615559 | B17: 1783023704.440625 | C17: -115 | D17: 6.5
A18: 2564463304 | B18: 1783023760.074839
A19: 2564463304 | B19: 1783023767.118054 | C19: -114 | D19: 7.5
A20: 3326313161 | B20: 1783023818.806252
A21: 3326313161 | B21: 1783023824.467944 | C21: -114 | D21: 6.5
A22: 2360782538 | B22: 1783023879.873667
A23: 2360782538 | B23: 1.7830239e+09 | C23: -144 | D23: -19
A24: 3521305291 | B24: 1783023939.2968059
A25: 3521305291 | B25: 1783023944.6199849 | C25: -116 | D25: 6
A26: 633026252 | B26: 1783023999.403658
A27: 633026252 | B27: 1783024004.986145 | C27: -114 | D27: 6.5
A28: 144538317 | B28: 1783024059.003235
A29: 144538317 | B29: 1783024066.0825238 | C29: -114 | D29: 7
A30: 3512083150 | B30: 1783024120.595226
A31: 3512083150 | B31: 1783024126.135933 | C31: -143 | D31: -19
A32: 693467855 | B32: 1783024179.599832
A33: 693467855 | B33: 1783024185.105421 | C33: -115 | D33: 7.25
A34: 2015946448 | B34: 1783024240.118091
A35: 2015946448 | B35: 1.7830242e+09 | C35: -116 | D35: 6
A36: 1443236561 | B36: 1783024301.2874591
A37: 1443236561 | B37: 1783024308.656608 | C37: -114 | D37: 6.25
A38: 97265362 | B38: 1783024360.586373
A39: 97265362 | B39: 1783024365.090655 | C39: -145 | D39: -19.5
A40: 2322624211 | B40: 1783024420.305384
A41: 2322624211 | B41: 1783024425.8474162 | C41: -115 | D41: 6.5
A42: 3364658900 | B42: 1783024481.1640499
A43: 3364658900 | B43: 1783024487.7640572 | C43: -114 | D43: 7
A44: 2605784789 | B44: 1783024540.7804952
A45: 2605784789 | B45: 1783024544.467413 | C45: -142 | D45: -20
A46: 3583284950 | B46: 1783024601.386694
A47: 3583284950 | B47: 1783024606.598825 | C47: -115 | D47: 6.5
A48: 2970446551 | B48: 1783024660.817557
A49: 2970446551 | B49: 1783024667.399724 | C49: -115 | D49: 5.75
A50: 1517395672 | B50: 1783024720.5919628
A51: 1517395672 | B51: 1783024726.848514 | C51: -115 | D51: 6
A52: 65030873 | B52: 1783024780.414491
A53: 65030873 | B53: 1783024787.6273952 | C53: -115 | D53: 6.25
A54: 3041730266 | B54: 1783024842.786788
A55: 3041730266 | B55: 1783024852.655255 | C55: -114 | D55: 6
A56: 3859302107 | B56: 1783024900.728478
A57: 3859302107 | B57: 1783024907.2535958 | C57: -113 | D57: 7.25
A58: 2164387548 | B58: 1783024960.8114429
A59: 2164387548 | B59: 1783024968.2603421 | C59: -115 | D59: 6.5
A60: 2092009181 | B60: 1783025021.1817548
A61: 2092009181 | B61: 1783025026.843746 | C61: -116 | D61: 5.75
A62: 4046412510 | B62: 1783025082.258231
A63: 4046412510 | B63: 1783025088.203713 | C63: -116 | D63: 6.75
A64: 1286437599 | B64: 1783025141.135623
A65: 1286437599 | B65: 1783025147.149954 | C65: -146 | D65: -20.5
A66: 2166573792 | B66: 1783025201.970176
A67: 2166573792 | B67: 1783025208.2488692 | C67: -117 | D67: 5.25
A68: 1389883105 | B68: 1.7830253e+09
A69: 1389883105 | B69: 1783025267.9985569 | C69: -115 | D69: 5.75
A70: 509790946 | B70: 1783025321.636084
A71: 509790946 | B71: 1783025328.258901 | C71: -115 | D71: 5.75
A72: 2754110179 | B72: 1783025382.8852942
A73: 2754110179 | B73: 1783025392.027153 | C73: -115 | D73: 5.75
A74: 323082980 | B74: 1783025441.8441658
A75: 323082980 | B75: 1783025448.565184 | C75: -114 | D75: 7
A76: 1224223461 | B76: 1783025502.774635
A77: 1224223461 | B77: 1.7830255e+09 | C77: -144 | D77: -18.75
A78: 1111507686 | B78: 1783025563.347266
A79: 1111507686 | B79: 1783025569.6220438 | C79: -116 | D79: 5.5
A80: 144429799 | B80: 1783025622.0078552
A81: 144429799 | B81: 1783025627.895286 | C81: -116 | D81: 4.75
A82: 4049119976 | B82: 1783025682.875123
A83: 4049119976 | B83: 1783025689.5655968 | C83: -115 | D83: 4.25
A84: 849172201 | B84: 1783025742.122546
A85: 849172201 | B85: 1783025749.131053 | C85: -116 | D85: 5.25
A86: 4034040554 | B86: 1783025803.1497002
A87: 4034040554 | B87: 1783025809.940373 | C87: -114 | D87: 6.75
A88: 1446818539 | B88: 1783025863.7866418
A89: 1446818539 | B89: 1783025870.2543612 | C89: -114 | D89: 6.75
A90: 2395002604 | B90: 1783025922.596469
A91: 2395002604 | B91: 1783025929.647912 | C91: -115 | D91: 5.75
A92: 2569959149 | B92: 1783025982.7998772
A93: 2569959149 | B93: 1783025988.5636008 | C93: -116 | D93: 6.25
A94: 3472019182 | B94: 1783026042.7925959
A95: 3472019182 | B95: 1783026048.040289 | C95: -115 | D95: 6.5
A96: 1765543663 | B96: 1783026104.085027
A97: 1765543663 | B97: 1783026110.213517 | C97: -115 | D97: 6.25
A98: 2203009776 | B98: 1783026164.311649
A99: 2203009776 | B99: 1783026170.619411 | C99: -114 | D99: 7.25

Sheet total
A1: MORNING | B1: 5sec | C1: 20sec | D1: 40sec | E1: 1min | F1: total
A2: DR (%) | B2: =COUNT('5sec_morning'!E2:E38)/50*100 -> 74 | C2: =COUNT('20sec_morning'!E2:E50)/50*100 -> 98 | D2: =COUNT('40sec_morning'!E2:E51)/50*100 -> 100 | E2: =COUNT('1min_morning'!E2:E51)/50*100 -> 100 | F2: =(32+49+50+50)/200*100 -> 90.5
A3: latency | B3: N/A | C3: N/A | D3: N/A | E3: N/A | F3: 0
A4: avg hops | B4: =AVERAGE('5sec_morning'!E2:E38) -> 1.972973 | C4: =AVERAGE('20sec_morning'!E2:E50) -> 1.9591837 | D4: =AVERAGE('40sec_morning'!E2:E51) -> 2 | E4: =AVERAGE('1min_morning'!E2:E51) -> 1.96 | F4: =AVERAGE(B4:E4) -> 1.9730392
A5: avg RSSI (outgoing) | B5: =AVERAGE('5sec_morning'!H2:H38) -> -137.64865 | C5: =AVERAGE('20sec_morning'!H2:H50) -> -138.77551 | D5: =AVERAGE('40sec_morning'!H2:H51) -> -138.84 | E5: =AVERAGE('1min_morning'!H2:H51) -> -139.12 | F5: =AVERAGE(B5:E5) -> -138.59604
A6: RSSI SD (outgoing) | B6: =_xlfn.STDEV.S('5sec_morning'!H2:H38) -> 1.9034503 | C6: =_xlfn.STDEV.S('20sec_morning'!H2:H50) -> 1.7708909 | D6: =_xlfn.STDEV.S('40sec_morning'!H2:H51) -> 1.3606721 | E6: =_xlfn.STDEV.S('1min_morning'!H2:H51) -> 5.5019106 | F6: =AVERAGE(B6:E6) -> 2.634231
A7: avg SNR (outgoing) | B7: =AVERAGE('5sec_morning'!I2:I38) -> -12.797297 | C7: =AVERAGE('20sec_morning'!I2:I50) -> -13.897959 | D7: =AVERAGE('40sec_morning'!I2:I51) -> -14.09 | E7: =AVERAGE('1min_morning'!I2:I51) -> -14.57 | F7: =AVERAGE(B7:E7) -> -13.838814
A8: SNR SD (outgoing) | B8: =_xlfn.STDEV.S('5sec_morning'!I2:I38) -> 1.7448713 | C8: =_xlfn.STDEV.S('20sec_morning'!I2:I50) -> 1.5180497 | D8: =_xlfn.STDEV.S('40sec_morning'!I2:I51) -> 1.1074424 | E8: =_xlfn.STDEV.S('1min_morning'!I2:I51) -> 3.7437158 | F8: =AVERAGE(B8:E8) -> 2.0285198
A9: ACKs received | B9: {=SUMPRODUCT(--(COUNTIF('5sec_morning_ACK'!A2:A19, '5sec_morning'!A2:A38)>0))} -> 13 | C9: {=SUMPRODUCT(--(COUNTIF('20sec_morning_ACK'!A2:A102, '20sec_morning'!A2:A50)>0))} -> 49 | D9: {=SUMPRODUCT(--(COUNTIF('40sec_morning_ACK'!A2:A101, '40sec_morning'!A2:A51)>0))} -> 50 | E9: {=SUMPRODUCT(--(COUNTIF('1min_morning_ACK'!A1:A98, '1min_morning'!A2:A51)>0))} -> 50 | F9: =SUM(B9:E9) -> 162
A10: ACKs received (%) | B10: =B9/50*100 -> 26 | C10: =C9/50*100 -> 98 | D10: =D9/50*100 -> 100 | E10: =E9/50*100 -> 100 | F10: =F9/200*100 -> 81
A11: avg RSSI (ACK) | B11: =AVERAGE('5sec_morning_ACK'!C:C) -> -119.3 | C11: =AVERAGE('20sec_morning_ACK'!C:C) -> -121.35294 | D11: =AVERAGE('40sec_morning_ACK'!C:C) -> -124.62 | E11: =AVERAGE('1min_morning_ACK'!C:C) -> -122.52083 | F11: =AVERAGE(B11:E11) -> -121.94844
A12: RSSI SD (ACK) | B12: =_xlfn.STDEV.S('5sec_morning_ACK'!C:C) -> 13.055863 | C12: =_xlfn.STDEV.S('20sec_morning_ACK'!C:C) -> 11.172866 | D12: =_xlfn.STDEV.S('40sec_morning_ACK'!C:C) -> 14.515143 | E12: =_xlfn.STDEV.S('1min_morning_ACK'!C:C) -> 15.182562 | F12: =AVERAGE(B12:E12) -> 13.481609
A13: avg SNR (ACK) | B13: =AVERAGE('5sec_morning_ACK'!D:D) -> 1.675 | C13: =AVERAGE('20sec_morning_ACK'!D:D) -> 0.44607843 | D13: =AVERAGE('40sec_morning_ACK'!D:D) -> -2.45 | E13: =AVERAGE('1min_morning_ACK'!D:D) -> -1.1197917 | F13: =AVERAGE(B13:E13) -> -0.36217831
A14: SNR SD (ACK) | B14: =_xlfn.STDEV.S('5sec_morning_ACK'!D8:D19) -> 9.0569188 | C14: =_xlfn.STDEV.S('20sec_morning_ACK'!D:D) -> 9.9889081 | D14: =_xlfn.STDEV.S('40sec_morning_ACK'!D:D) -> 12.918801 | E14: =_xlfn.STDEV.S('1min_morning_ACK'!D:D) -> 12.50319 | F14: =AVERAGE(B14:E14) -> 11.116954
A16: AFTERNOON | B16: 5sec | C16: 20sec | D16: 40sec | E16: 1min | F16: total
A17: DR (%) | B17: =COUNT('5sec_afternoon'!D1:D39)/50*100 -> 78 | C17: =COUNT('20sec_afternon'!D1:D43)/50*100 -> 86 | D17: =COUNT('40sec_afternoon'!D2:D46)/50*100 -> 90 | E17: =COUNT('1min_afternoon'!E1:E49)/50*100 -> 98 | F17: =COUNT('5sec_afternoon'!F:F,'20sec_afternon'!F:F,'40sec_afternoon'!F:F,'1min_afternoon'!F:F)/200*100 -> 88.5
A18: latency | B18: =AVERAGE('5sec_afternoon'!K1:K39) -> 65.99181 | C18: =AVERAGE('20sec_afternon'!K1:K43) -> 6.236659 | D18: =AVERAGE('40sec_afternoon'!K:K) -> 6.6167393 | E18: =AVERAGE('1min_afternoon'!K:K) -> 6.2146382 | F18: =AVERAGE(C18:E18) -> 6.3560122 | G18: =AVERAGE(B18:E18) -> 21.264962
A19: latency SD | B19: =_xlfn.STDEV.S('5sec_afternoon'!K:K) -> 44.09888 | C19: =_xlfn.STDEV.S('20sec_afternon'!K:K) -> 0.81603368 | D19: =_xlfn.STDEV.S('40sec_afternoon'!K:K) -> 1.7500642 | E19: =_xlfn.STDEV.S('1min_afternoon'!K:K) -> 0.84907817 | F19: =_xlfn.STDEV.S('20sec_afternon'!K:K,'40sec_afternoon'!K:K,'1min_afternoon'!K:K) -> 1.2235958 | G19: =_xlfn.STDEV.S('5sec_afternoon'!K:K,'20sec_afternon'!K:K,'40sec_afternoon'!K:K,'1min_afternoon'!K:K) -> 32.178957
A20: avg hops | B20: =AVERAGE('5sec_afternoon'!E1:E39) -> 1.8974359 | C20: =AVERAGE('20sec_afternon'!E:E) -> 1.9767442 | D20: =AVERAGE('40sec_afternoon'!E:E) -> 1.9565217 | E20: =AVERAGE('1min_afternoon'!E:E) -> 2 | F20: =AVERAGE(B20:E20) -> 1.9576755
A21: avg RSSI (outgoing) | B21: =AVERAGE('5sec_afternoon'!I:I) -> -138.17949 | C21: =AVERAGE('20sec_afternon'!I:I) -> -138.60465 | D21: =AVERAGE('40sec_afternoon'!I:I) -> -138.8913 | E21: =AVERAGE('1min_afternoon'!I:I) -> -137.4898 | F21: =AVERAGE(B21:E21) -> -138.29131
A22: RSSI SD (outgoing) | B22: =_xlfn.STDEV.S('5sec_afternoon'!I:I) -> 1.7602601 | C22: =_xlfn.STDEV.S('20sec_afternon'!I:I) -> 1.7746835 | D22: =_xlfn.STDEV.S('40sec_afternoon'!I:I) -> 2.1932043 | E22: =_xlfn.STDEV.S('1min_afternoon'!I:I) -> 1.2097253 | F22: =_xlfn.STDEV.S('5sec_afternoon'!I:I,'20sec_afternon'!I:I,'40sec_afternoon'!I:I,'1min_afternoon'!I:I) -> 1.8300444
A23: avg SNR (outgoing) | B23: =AVERAGE('5sec_afternoon'!J:J) -> -14.121795 | C23: =AVERAGE('20sec_afternon'!J:J) -> -13.976744 | D23: =AVERAGE('40sec_afternoon'!J:J) -> -14.440217 | E23: =AVERAGE('1min_afternoon'!J:J) -> -12.877551 | F23: =AVERAGE(B23:E23) -> -13.854077
A24: SNR SD (outgoing) | B24: =_xlfn.STDEV.S('5sec_afternoon'!J:J) -> 1.7022352 | C24: =_xlfn.STDEV.S('20sec_afternon'!J:J) -> 1.6768859 | D24: =_xlfn.STDEV.S('40sec_afternoon'!J:J) -> 2.0576313 | E24: =_xlfn.STDEV.S('1min_afternoon'!J:J) -> 1.1604624 | F24: =_xlfn.STDEV.S('5sec_afternoon'!J:J,'20sec_afternon'!J:J,'40sec_afternoon'!J:J,'1min_afternoon'!J:J) -> 1.7664738
A25: ACKs received | B25: {=SUMPRODUCT(--(COUNTIF(allACK!A:A,'5sec_afternoon'!A:A)>0))} -> 17 | C25: {=SUMPRODUCT(--(COUNTIF(allACK!A:A,'20sec_afternon'!A:A)>0))} -> 43 | D25: {=SUMPRODUCT(--(COUNTIF(allACK!A:A,'40sec_afternoon'!A:A)>0))} -> 46 | E25: {=SUMPRODUCT(--(COUNTIF(allACK!A:A,'1min_afternoon'!A:A)>0))} -> 49 | F25: =SUM(B25:E25) -> 155
A26: ACKs received (%) | B26: =B25/50*100 -> 34 | C26: =C25/50*100 -> 86 | D26: =D25/50*100 -> 92 | E26: =E25/50*100 -> 98 | F26: =F25/200*100 -> 77.5
A27: avg RSSI (ACK) | B27: =AVERAGE('5sec_afternoon_ACK'!C:C) -> -118 | C27: =AVERAGE('20sec_afternoon_ACK'!C:C) -> -121.37209 | D27: =AVERAGE('40sec_afternoon_ACK'!C:C) -> -118.77778 | E27: =AVERAGE('1min_afternoon_ACK'!C:C) -> -120.7551 | F27: =AVERAGE('5sec_afternoon_ACK'!C:C,'20sec_afternoon_ACK'!C:C,'40sec_afternoon_ACK'!C:C,'1min_afternoon_ACK'!C:C) -> -120.1
A28: RSSI SD (ACK) | B28: =_xlfn.STDEV.S('5sec_afternoon_ACK'!C:C) -> 7.8528127 | C28: =_xlfn.STDEV.S('20sec_afternoon_ACK'!C:C) -> 10.987056 | D28: =_xlfn.STDEV.S('40sec_afternoon_ACK'!C:C) -> 10.321841 | E28: =_xlfn.STDEV.S('1min_afternoon_ACK'!C:C) -> 11.728758 | F28: =_xlfn.STDEV.S('5sec_afternoon_ACK'!C:C,'20sec_afternoon_ACK'!C:C,'40sec_afternoon_ACK'!C:C,'1min_afternoon_ACK'!C:C) -> 10.783874
A29: avg SNR (ACK) | B29: =AVERAGE('5sec_afternoon_ACK'!D:D) -> 2.9615385 | C29: =AVERAGE('20sec_afternoon_ACK'!D:D) -> 0.98837209 | D29: =AVERAGE('40sec_afternoon_ACK'!D:D) -> 2.7777778 | E29: =AVERAGE('1min_afternoon_ACK'!D:D) -> 1.1071429 | F29: =AVERAGE('5sec_afternoon_ACK'!D:D,'20sec_afternoon_ACK'!D:D,'40sec_afternoon_ACK'!D:D,'1min_afternoon_ACK'!D:D) -> 1.735
A30: SNR SD (ACK) | B30: =_xlfn.STDEV.S('5sec_afternoon_ACK'!D:D) -> 6.7359778 | C30: =_xlfn.STDEV.S('20sec_afternoon_ACK'!D:D) -> 9.5090736 | D30: =_xlfn.STDEV.S('40sec_afternoon_ACK'!D:D) -> 8.9338195 | E30: =_xlfn.STDEV.S('1min_afternoon_ACK'!D:D) -> 10.25254 | F30: =_xlfn.STDEV.S('5sec_afternoon_ACK'!D:D,'20sec_afternoon_ACK'!D:D,'40sec_afternoon_ACK'!D:D,'1min_afternoon_ACK'!D:D) -> 9.3447321

Sheet allACK
A1: ALL ACK PACKET NUMBERS
A2: 2356606103
A3: 2939092121
A4: 2917316760
A5: 4019089562
A6: 2159920284
A7: 1839092891
A8: 224053405
A9: 74218654
A10: 498995359
A11: 2450951329
A12: 865043631
A13: 267577520
... A169: 2203009776
